Title,URL,Description
Inception,https://movieswithaplottwist.com/wp-content/uploads/2016/03/Inception-movie-poster.jpg,Inception: A mind-bending heist movie set within the world of dreams.
American Psycho,https://image.tmdb.org/t/p/original/3hgh1c83S3br2L6btP9fxpFpM5c.jpg,American Psycho: A chilling psychological thriller about a wealthy investment banker with a dark and violent alter ego.
MS Dhoni The Untold Story,https://th.bing.com/th/id/R.49c58061fa4c57e46dc7b896104edb30?rik=GeTz4Fg0dQpW8w&riu=http%3a%2f%2fdrcricket7.com%2findia%2fwp-content%2fuploads%2f2016%2f09%2fMS-Dhoni-The-Untold-Story-Poster-2.jpg&ehk=aA1O226cgtJNrXL89e0XTZHg5QqOmtB0f5GGvsXzo1U%3d&risl=&pid=ImgRaw&r=0,MS Dhoni: The Untold Story: A biographical film that explores the life and journey of Indian cricketer Mahendra Singh Dhoni.
The Dark Knight,https://th.bing.com/th/id/R.7858584e0e540252618d7bfb1ef46804?rik=pde7ZIE3QaH7Ig&riu=http%3a%2f%2fhost.trivialbeing.org%2fup%2ftdk-may17-joker-poster-large.jpg&ehk=g8dnVbBCb1VT%2fO9yUlm0aTB9RfEQ80PTB1aYTenHrKs%3d&risl=&pid=ImgRaw&r=0,The Dark Knight: The epic battle between Batman and the Joker unfolds in this gripping superhero film.
Shutter Island,https://image.tmdb.org/t/p/original/pOI1vG75ZL6EGyk9qeDP6HPkFt6.jpg,Shutter Island: A suspenseful thriller about a U.S. Marshal investigating the disappearance of a patient from a psychiatric hospital.
The Godfather Part 1,https://i.pinimg.com/originals/11/99/dc/1199dc6273680f175fd9b06c9c36d08a.jpg,The Godfather Part 1: A classic crime drama that delves into the Italian-American mafia and the Corleone family's rise to power.
Extraction,https://image.tmdb.org/t/p/original/96ovd9JPD57R8cIMmGluFMFWt10.jpg,Extraction: An action-packed film following a black-market mercenary tasked with rescuing the kidnapped son of an international crime lord.
Interstellar,https://picfiles.alphacoders.com/349/thumb-1920-349599.jpg,Interstellar: A sci-fi adventure that takes astronauts on a journey through space in search of a new habitable planet.
Passengers,https://www.themoviedb.org/t/p/original/vjgwnupjdG21Km86G9dAepPbMGO.jpg,"Passengers: Two passengers on a spaceship wake up from hibernation too early, facing a perilous situation during their interstellar journey."
Black Hawk Down,https://image.tmdb.org/t/p/original/Kt8K9j0iPqZfHBgbg6Z9z5TK9n.jpg,"Black Hawk Down: Based on true events, this intense war film depicts a U.S. military mission gone wrong in Somalia."
Amrican Sniper,https://th.bing.com/th/id/R.a81f5eabf7f46ca2f20198c4cf17e7ec?rik=sDRQZ3uUpFM0FQ&riu=http%3a%2f%2fcdn.collider.com%2fwp-content%2fuploads%2famerican-sniper-poster.jpg&ehk=SqJgI8NmEzjB5vDjVE7x8gavXjScMrbDbGGCk1ots8c%3d&risl=&pid=ImgRaw&r=0,American Sniper: The biographical drama tells the story of Navy SEAL sniper Chris Kyle's experiences during the Iraq War.
Inside Out,https://th.bing.com/th/id/R.2a113668820dd535cef5951a2ce95f1b?rik=dkNgF7mDrrFJjA&riu=http%3a%2f%2frotoscopers.com%2fwp-content%2fuploads%2f2015%2f03%2finside-out-final-poster-pixar.jpg&ehk=WVdFofsmEasqL6islFQVYB%2bTR2iMd9xSFPNkDEq6FW0%3d&risl=&pid=ImgRaw&r=0,Inside Out: An animated film that explores the emotions inside a young girl's mind as she navigates life's challenges.
Soul,https://th.bing.com/th/id/OIP.dN9ZgkQ10AldMeI70pp3TgHaK-?pid=ImgDet&rs=1,Soul: A heartwarming Pixar animation that follows a middle school music teacher who gets the chance to experience life from a different perspective.
Creed,https://th.bing.com/th/id/R.8b98e02ffd887e694ab1c53f733bea97?rik=ViYPQIbe95GdTg&riu=http%3a%2f%2fwww.blackfilm.com%2fread%2fwp-content%2fuploads%2f2015%2f09%2fCreed-Poster.jpg&ehk=jWGujcZl2eDQBozViAYC48T1UO8vXiSUSUmuAlm4VLc%3d&risl=&pid=ImgRaw&r=0,"Creed: The continuation of the Rocky saga, focusing on Apollo Creed's son as he trains to become a professional boxer."
Southpaw,https://i.pinimg.com/originals/25/cf/b2/25cfb225efc4776dbebc0d653a89f264.jpg,Southpaw: A boxer's journey of redemption and personal growth after facing devastating losses in his personal and professional life.
Lucy,https://i.pinimg.com/736x/00/cc/d3/00ccd3bcb5328bbf9e35e7c767975b2e.jpg,Lucy: A sci-fi action film where a woman gains superhuman abilities after unintentionally ingesting a revolutionary drug.
The Shawshank Redemption,https://th.bing.com/th/id/OIP.UjjZBFpkX2mautvtwYTBOAHaLA?pid=ImgDet&rs=1,"The Shawshank Redemption: A gripping tale about friendship and hope set in a prison, based on Stephen King's novella."
Titanic,https://th.bing.com/th/id/OIP.XqG7LUbIi8q7DdiRLAliLgHaK5?pid=ImgDet&rs=1,Titanic: A timeless romantic disaster film that tells the ill-fated love story aboard the RMS Titanic.
Rush Hour,https://th.bing.com/th/id/OIP.XYjPbEnc7dr2JZhz2zVDAQHaKj?pid=ImgDet&rs=1,Rush Hour: A hilarious action-comedy featuring mismatched detectives who team up to solve crimes.
Glass Onion a Knives Out Mystery,https://preview.redd.it/official-poster-for-glass-onion-a-knives-out-mystery-v0-51kjplvqkdw91.jpg?auto=webp&s=be0fac0909dc8f6121e90480d9c172cba1bc5777,Knives Out: A modern murder-mystery film filled with twists and turns as a detective investigates the death of a wealthy patriarch.
Rudy,https://media.senscritique.com/media/000006730588/source_big/Rudy.jpg,Rudy: An inspiring sports film based on the true story of a determined young man who dreams of playing college football.
Gangs of Wasseypur Part 1,https://upload.wikimedia.org/wikipedia/en/6/6a/Gangs_of_Wasseypur_poster.jpg,Gangs of Wasseypur Part 1: An Indian crime film that spans several generations and portrays the power struggles between rival gangs.
Gangs of Wasseypur Part 2,https://www.themoviedb.org/t/p/original/uDn7QwfaLgFq0fwFr3oHFHFTyLg.jpg,"Gangs of Wasseypur Part 2: The continuation of the crime saga, delving deeper into the feuds and conflicts of the Wasseypur gangs."
Fifty Shades of Grey,https://is1-ssl.mzstatic.com/image/thumb/Video69/v4/83/b7/6e/83b76e63-9ac7-96a2-ee7c-85a7996296c2/source/900x900bb.jpg,"Fifty Shades of Grey: A romantic drama based on the bestselling novel, exploring the intense relationship between a young woman and a wealthy businessman."
The Notebook,https://th.bing.com/th/id/OIP.LZ4N0he7gCnJgh4Rjuv_0QHaK2?pid=ImgDet&rs=1,"The Notebook: A poignant love story that spans decades, depicting the enduring bond between two individuals from different backgrounds."
Twilight,https://image.tmdb.org/t/p/original/dOj6pzDRvi9yPMLPfeCn6qYlim4.jpg,Twilight: A fantasy romance series revolving around the forbidden love between a human and a vampire.
The Imitation Game,"https://res.cloudinary.com/jerrick/image/upload/fl_progressive,q_auto,w_1024/hztvcwg7zdfdfdojvdgk.jpg",The Imitation Game: A biographical drama about mathematician Alan Turing and his team's efforts to crack the Enigma code during World War II.
No Strings Attached,https://th.bing.com/th/id/OIP.YpHKAoyQqmuiCsSHir32KQHaLH?pid=ImgDet&rs=1,No Strings Attached: A romantic comedy that explores the complexities of a casual relationship without any emotional attachment.
Knives Out,https://image.tmdb.org/t/p/original/5zMiji6nLQPW0N6rocXYVbQuJXo.jpg,A modern murder-mystery film filled with twists and turns as a detective investigates the death of a wealthy patriarch.
The Irishman,https://image.tmdb.org/t/p/original/fhOpVy0VGvXCefuXHDlCUEkSMv7.jpg,A Martin Scorsese epic crime film that chronicles the life of mob hitman Frank Sheeran and his involvement with organized crime.
The Accountant,https://image.tmdb.org/t/p/original/vnEDk1Dr2FqrEaLjD437NYAjYVu.jpg,A Martin Scorsese epic crime film that chronicles the life of mob hitman Frank Sheeran and his involvement with organized crime.
The Social Network,https://www.themoviedb.org/t/p/original/jXbqfVHmvCikyTw2Lf5OhKyt9Ym.jpg,"The Social Network: The story of the creation of Facebook and the subsequent legal and personal battles faced by its founder, Mark Zuckerberg."
Snowden,https://www.themoviedb.org/t/p/original/wEesaCZrobTVtqDIgAAkTDbIqph.jpg,"Snowden: A biographical thriller based on the life of Edward Snowden, the whistleblower who exposed surveillance practices by intelligence agencies."
Tenet,https://th.bing.com/th/id/OIP.J9b9yJvcRxnb3Df5jILAdQHaK-?pid=ImgDet&rs=1,Tenet: A mind-bending spy thriller where a protagonist must prevent World War III by manipulating time.
Mission Impossible,https://th.bing.com/th/id/OIP.5Wd1lOE0BuJQni9-fx51bAHaLH?pid=ImgDet&rs=1,The long-running action franchise follows Ethan Hunt and his team as they tackle impossible missions.
Good Will Hunting,https://image.tmdb.org/t/p/original/cRGwIKM1FdDvLCz0kxcNURWtyaS.jpg,Good Will Hunting: A drama about a young janitor with a brilliant mind and his journey of self-discovery with the help of a compassionate therapist.
Oppenheimer,https://th.bing.com/th/id/OIP.gFHH-phMVZQYNvfu1O36MAHaK-?pid=ImgDet&rs=1,"Oppenheimer: An upcoming historical drama about J. Robert Oppenheimer, the physicist who led the Manhattan Project during World War II."
John Wick: Chapter 4,https://www.themoviedb.org/t/p/original/kPsRQfoyYgcpbI6hvDQvUSCo0q3.jpg,"The fourth installment in the action-packed John Wick series, following the skilled assassin's relentless pursuit of vengeance."
Fast and Furious 10,https://images-cdn.9gag.com/photo/a85VvDY_700b.jpg,"Fast and Furious 10: The tenth installment in the high-octane Fast and Furious franchise, known for its thrilling car chases and heists."
Medellin,https://fr.web.img5.acsta.net/r_1280_720/pictures/22/04/12/17/13/0838338.jpg,Medellin: A film about the rise and fall of a notorious drug lord.
The Boys,https://th.bing.com/th/id/R.99ec52635288997d9c6b559f34a81049?rik=lM7vbgz5hhTuCg&riu=http%3a%2f%2f159.203.108.138%2fwp-content%2fuploads%2f2020%2f08%2fThe-Boys-Key-Art-Homelander.jpg&ehk=uYulJ%2fHshAH2K7Aj4j8TAwUULXcjpOER%2fcEP0LbBBaM%3d&risl=&pid=ImgRaw&r=0,The Boys: A group of vigilantes fighting against corrupt superheroes.
Rocky III,https://image.tmdb.org/t/p/original/9jS3wG3cNSEu8sVUFAFQ8exyaaH.jpg,Rocky III: Boxer Rocky Balboa faces a fierce rival in the ring and must find the strength to overcome him.
Top Gun,https://image.tmdb.org/t/p/original/xUuHj3CgmZQ9P2cMaqQs4J0d4Zc.jpg,Top Gun: A hotshot fighter pilot struggles to balance his personal life with the demands of his military career.
Gladiator,https://www.themoviedb.org/t/p/original/ixsPIb7dIiZlrqbV1QVdqA9XWxm.jpg,Gladiator: A former Roman general seeks revenge as a gladiator in ancient Rome.
Spiderman,https://image.tmdb.org/t/p/original/wZGlaMxBAjCIYLzyDWvocaoNooZ.jpg,"Spiderman: A teenager acquires superhuman abilities and becomes the web-slinging hero, Spider-Man."
The Wolf of Wall Street,https://th.bing.com/th/id/OIP.RmMyooA9_EFz_eMmFIop1AHaLH?pid=ImgDet&rs=1,"The Wolf of Wall Street: Based on the true story of Jordan Belfort, a stockbroker's rise and fall in the world of finance."
Catch Me If you Can,https://www.themoviedb.org/t/p/original/vG3YcgXuZABv7C8nd5bEyuMfyTQ.jpg,Catch Me If You Can: A young con artist outwits authorities while impersonating various professions.
Rocky Balboa,https://image.tmdb.org/t/p/original/bgheMOLFVkpiZ3KhG3PGrMAPdXn.jpg,Rocky Balboa: Aging boxer Rocky Balboa comes out of retirement for one last fight.
Black Adam,https://th.bing.com/th/id/OIP.q1O8ogElVQDJVPU7d7HBPwAAAA?pid=ImgDet&rs=1,"Black Adam: A DC Comics superhero film featuring the character Black Adam, an anti-hero with supernatural powers."
Rocky V,https://img.moviesrankings.com/t/p/w1280/nJc3IuQlRgnLfiztfwUt0czaJQR.jpg,Rocky V: Rocky Balboa faces personal and financial challenges while training a promising young boxer.
Rocky IV,https://th.bing.com/th/id/OIP.2x7CKVAu02e7j4Dy5TqobQHaLR?pid=ImgDet&rs=1,Rocky IV: Rocky Balboa fights against a powerful Soviet boxer in a battle of ideologies.
Jurassic World Domination,https://th.bing.com/th/id/R.c65a9a09eeaef770e79992a4251c17c9?rik=ipn9dfbI%2fLpoJw&riu=http%3a%2f%2fimages6.fanpop.com%2fimage%2fphotos%2f43200000%2fJurassic-World-Domination-poster-jurassic-park-43256782-1080-1560.jpg&ehk=PQSkWo15PQwTKbQludFu2icmaqq9TO0HWU2RKwfitDU%3d&risl=&pid=ImgRaw&r=0,Jurassic World Domination: The dinosaurs of Jurassic World escape and wreak havoc on civilization.
Top Gun Maverick,https://wallpapercave.com/wp/wp4499525.jpg,"Top Gun Maverick: The sequel to Top Gun, following the story of a new generation of fighter pilots."
American Gangster,https://image.tmdb.org/t/p/original/wHhbefZSJzDr5ZWHdcXCo4qhmTX.jpg,American Gangster: Based on the true story of a Harlem drug lord and the detective determined to bring him down.
L.A Confidential,https://static.rogerebert.com/uploads/movie/movie_poster/la-confidential-1997/large_mJY1T54am8pH1Iwam9KiDhXpN0M.jpg,"L.A Confidential: A neo-noir crime film set in 1950s Los Angeles, featuring corruption and scandal."
The Godfather Part 2,https://th.bing.com/th/id/R.cf86847be46399321e4de1f6f2b4ac90?rik=wRq7PN05ooFdvA&riu=http%3a%2f%2fstatic.rogerebert.com%2fuploads%2fmovie%2fmovie_poster%2fthe-godfather-part-ii-1974%2flarge_tHbMIIF51rguMNSastqoQwR0sBs.jpg&ehk=xMOXnSNzsg3Rn%2bQmCRzHYbgdpfvdzP%2fs7Qi0%2br%2be4qw%3d&risl=&pid=ImgRaw&r=0,The Godfather Part 2: A continuation of the epic saga of the Corleone crime family.
King Kong,https://th.bing.com/th/id/OIP.t1Ag3yxqT7Mvz7mmXjyVcwHaK-?pid=ImgDet&rs=1,"King Kong: A giant ape is captured and brought to New York City, leading to chaos and destruction."
Moonlight,https://www.themoviedb.org/t/p/original/jHNOriz0dZazncIusgweRqJqaj5.jpg,"Moonlight: A coming-of-age drama that explores themes of identity, sexuality, and race."
IP Man,https://www.themoviedb.org/t/p/original/5JpvPe8rrv88RviCtYZt7AC17zw.jpg,"IP Man: Based on the life of martial arts master Ip Man, known for his association with Bruce Lee."
Spiderman Into the SpiderVerse,https://image.tmdb.org/t/p/original/16HMAMQNceEKrY3odATphns0lm7.jpg,Spiderman Into the SpiderVerse: Multiple versions of Spider-Man from different dimensions team up to save the multiverse.
Batman Begins,https://th.bing.com/th/id/OIP.1LtKOuUrKBgaaKDFREF4mwHaLH?pid=ImgDet&rs=1,"Batman Begins: The origin story of Batman, as Bruce Wayne embraces his alter ego to fight crime in Gotham City."
Now You See Me,https://th.bing.com/th/id/R.f27fff7c5954de04b11008d55e8ac141?rik=qdYlu%2fsMyLDBSg&riu=http%3a%2f%2fwww.newdvdreleasedates.com%2fimages%2fposters%2flarge%2fnow-you-see-me-2013-05.jpg&ehk=lSNmTBmL8W2MpTcv6b%2btGv%2bzWwEsqtOBKaZ%2fOP%2fnIxk%3d&risl=&pid=ImgRaw&r=0,Now You See Me: A group of illusionists perform heists during their magic shows while being pursued by the FBI.
Mission Impossible: Fallout,https://th.bing.com/th/id/OIP.FwNb7ENBbrPbpzmQn9hcwQHaLH?pid=ImgDet&rs=1,Mission Impossible: Fallout: Ethan Hunt and his team race against time to prevent a global catastrophe.
Knight and Day,https://th.bing.com/th/id/R.d2a38e2a89c68d5840759d209e19b15b?rik=seky61cV%2fpDHIg&riu=http%3a%2f%2fstatic.rogerebert.com%2fuploads%2fmovie%2fmovie_poster%2fknight-and-day-2010%2flarge_nmFcnv2B8QkpMMPmUWDxLs0xGEJ.jpg&ehk=R5jxTJVWzYvII0RtR3EO0SnENe3jzOFyczSkZPyZBlg%3d&risl=&pid=ImgRaw&r=0,Knight and Day: A romantic action-comedy about a woman caught up in a secret agent's dangerous mission.
Mission Impossible: Rogue Nation,https://image.tmdb.org/t/p/original/jl55PymKKRMpTVQyLyMS3Iqg7Vx.jpg,Mission Impossible: Rogue Nation: Ethan Hunt and his team face off against a secret organization known as the Syndicate.
Godzilla vs Kong,https://www.themoviedb.org/t/p/original/51tAtnATqN9VizZDnCN0IdCQpXF.jpg,Godzilla vs Kong: The two legendary creatures battle each other in an epic showdown.
Constantine,https://th.bing.com/th/id/OIP.6BBXh8bAry54aHxsq-JTgwHaLH?pid=ImgDet&rs=1,Constantine: A supernatural detective battles demons and other supernatural entities in an effort to save humanity.
2Guns,https://image.tmdb.org/t/p/original/kzDEuMbyaD3sv6y5mUP6Rcyg2yL.jpg,2Guns: Two undercover agents from different organizations team up to take down a drug cartel.
The Guilty,https://th.bing.com/th/id/OIP.AvkpnFDohHk8s2osfsAYQQHaK9?pid=ImgDet&rs=1,The Guilty: A police officer answering emergency calls becomes embroiled in a tense situation.
Silver Linings Playbook,https://www.themoviedb.org/t/p/original/g1wfh6BLd5rthHzSdbCnykXPYvG.jpg,Silver Linings Playbook: A man with bipolar disorder forms an unlikely bond with a woman dealing with her own challenges.
Batman vs Superman: Dawn of Justice,https://i2.wp.com/gofatherhood.com/wp-content/uploads/2016/03/batman-v-superman-dawn-of-justice-movie-poster-batman-v-superman-dawn-of-justice-poster-one-sheet-3.jpg?fit=1080%2C1620&ssl=1,Batman vs Superman: Dawn of Justice: The two iconic superheroes clash as their differing ideologies lead to conflict.
Man of Steel,https://th.bing.com/th/id/OIP.bNdRDAAKgckecExkm2vUqAHaJ3?pid=ImgDet&rs=1,Man of Steel: The story of Superman's origins and his journey to become Earth's protector.
The Blind Side,https://media-cache.cinematerial.com/p/500x/hj71kpca/the-blind-side-movie-poster.jpg?v=1456850993,The Blind Side: A wealthy family takes in a homeless teenager who becomes a successful football player.
The Amazing Spiderman,https://th.bing.com/th/id/OIP.wnl-P7gJzG3ayBtumyqltAHaLH?pid=ImgDet&rs=1,"The Amazing Spiderman: A reboot of the Spider-Man franchise, focusing on the early days of Peter Parker as Spider-Man."
Run,https://www.themoviedb.org/t/p/original/3L6H61s0epd6sdZQFfc6OXRi6BB.jpg,Run: A mother's secrets and lies are exposed when her daughter starts to unravel the truth.
6 Underground,https://cdn.flickeringmyth.com/wp-content/uploads/2019/11/6-Underground-poster-600x889.jpg,6 Underground: A team of vigilantes with unique skills join forces to take down criminals.
The Trial of Chicago 7,https://th.bing.com/th/id/OIP.G9UShyW5EXyOEBtMPx1wdAHaK-?pid=ImgDet&rs=1,The Trial of Chicago 7: Based on the true story of the trial of seven individuals accused of inciting a riot at the 1968 Democratic National Convention.
Spiderman: No Way Home,https://www.fiz-x.com/wp-content/uploads/2021/11/Marvels-SPIDERMAN-NO-WAY-HOME-New-Poster.jpeg,"Spiderman: No Way Home: The third installment in the Spider-Man franchise, featuring a multiverse storyline."
The Adam Project,https://i.etsystatic.com/32122259/r/il/f41ef6/3780439654/il_794xN.3780439654_hs9x.jpg,The Adam Project: A man travels back in time to get help from his 13-year-old self to find their late father.
Infinite Storm,https://www.themoviedb.org/t/p/original/5DtH6ArdCFS3vazeSGRJSTRAsAx.jpg,Infinite Storm: A sci-fi action film about a group of individuals with extraordinary abilities who must save the world from destruction.
Wrath of Man,https://image.tmdb.org/t/p/original/jNtxd5A9XjNEhiyMXWXA9FdyZac.jpg,Wrath of Man: An armored truck driver seeks revenge against those responsible for the death of his son.
The Highwaymen,https://th.bing.com/th/id/OIP.croDAosTeTxWiVe0rbgN4AHaLB?pid=ImgDet&rs=1,The Highwaymen: Two retired Texas Rangers join forces to track down and apprehend the notorious criminals Bonnie and Clyde.
The Pale Blue eye,https://www.comingsoon.net/wp-content/uploads/sites/3/2022/11/the-pale-blue-eye-poster.jpg?resize=169,The Pale Blue Eye: A detective investigates a series of murders at the United States Military Academy.
Ghost Ship,https://th.bing.com/th/id/OIP.f_SLkTms3cdDc4itnqpp0AHaLH?pid=ImgDet&rs=1,Ghost Ship: A salvage crew discovers a haunted ship that brings terror and death.
Deliver Us from Devil,https://th.bing.com/th/id/OIP.Pxlx_URRyesP7o1m-De4yQHaKu?pid=ImgDet&rs=1,Deliver Us from Devil: An assassin seeks redemption as he confronts his dark past and battles dangerous enemies.
The Forest,https://th.bing.com/th/id/OIP.IQrdPCjsDJrF6ErkEY-xkwHaLI?pid=ImgDet&rs=1,"The Forest: A woman searches for her missing twin sister in Japan's Aokigahara Forest, known as a place of paranormal activity."
El Camino,https://th.bing.com/th/id/OIP.1zeA0ENCgnAwmD-rLXIpugHaLH?pid=ImgDet&rs=1,El Camino: A Breaking Bad movie that follows the journey of Jesse Pinkman after the events of the TV series.
The Outsider,https://i0.wp.com/teaser-trailer.com/wp-content/uploads/The-Outsider-mvoie-poster.jpg?ssl=1,The Outsider: A police investigation into a gruesome murder leads to the discovery of supernatural forces.
Vanilla Sky,https://th.bing.com/th/id/R.1fd438e4d7592c22fb9aa3bd91bd3c9e?rik=oXhKRn62z4gF0A&riu=http%3a%2f%2fimage.tmdb.org%2ft%2fp%2foriginal%2feyagSl8lWjZry4TgGBYU5rBlnem.jpg&ehk=Oe0qdk6oacBUdpwHBVD65Zyd2S%2bbZIiHHMmJQlYyNZE%3d&risl=&pid=ImgRaw&r=0,"Vanilla Sky: A man's life takes a surreal turn after a car accident, blurring the lines between dreams and reality."
The Little Things,https://www.themoviedb.org/t/p/original/tLO1aD1ghdtVMT32z2sRmzgYKYd.jpg,"The Little Things: Two detectives join forces to track down a serial killer, uncovering dark secrets along the way."
Blade,https://th.bing.com/th/id/OIP.JwqNGh05NAscPa5lBeeNBAHaK_?pid=ImgDet&rs=1,"Blade: A half-vampire, half-mortal hunter seeks to rid the world of vampires."
Public Enemies,https://i.pinimg.com/originals/ae/52/7f/ae527f675cd8f67a6e81240711ba8ab2.jpg,Public Enemies: The story of notorious bank robber John Dillinger and the FBI agent determined to bring him to justice.
Blonde,https://th.bing.com/th/id/OIP.hgfwaM2akBvBaolmfgxpgQHaK-?pid=ImgDet&rs=1,"Blonde: A fictionalized account of the life of Marilyn Monroe, exploring her rise to stardom and personal struggles."
The Last Days,https://th.bing.com/th/id/OIP.YtJF3gFgDLk4f51661xGKAHaKk?pid=ImgDet&rs=1,The Last Days: A post-apocalyptic thriller set in a world devastated by a deadly virus.
The Tourist,https://th.bing.com/th/id/OIP.k0k1NvneCvVIudQe-nGU8AHaKA?pid=ImgDet&rs=1,The Tourist: A man's life is turned upside down when he becomes entangled in a web of intrigue and romance while on vacation.
Mission Impossible III,https://th.bing.com/th/id/OIP.AUIY8D3RAqr3fe-K5_gf6QHaK-?pid=ImgDet&rs=1,Mission Impossible III: Ethan Hunt faces off against a dangerous arms dealer while dealing with personal challenges.
Mission Impossible 2,https://th.bing.com/th/id/R.2fa29d0798c9d0f75e70e65a52d908e7?rik=zPvnEBBp4aL%2fgA&riu=http%3a%2f%2f2.bp.blogspot.com%2f_3N0VetpYvQE%2fSxWqGMmCUZI%2fAAAAAAAABC4%2fUN9xK0eFSls%2fs1600%2fMission_Impossible_2_1.jpg&ehk=LJwjPOL7Cj9NE7Tevcb%2bKBLJrby24ZANpm84WUXRq3Y%3d&risl=&pid=ImgRaw&r=0,Mission Impossible 2: Ethan Hunt must retrieve a deadly virus while facing a former ally turned enemy.
SAS: The Rise of Black Swan,https://occ-0-3934-3418.1.nflxso.net/dnm/api/v6/Da_vleYcahiCE7JMYt8LJRyoenc/AAAABdmB-3-6cy2oDnwo4oGhtuQagRxvcmiUvh8iopdsxTJCOokia4FHwQ7ho7W3p3u2LGr-hR2X6NdnccCYGF5c-xX9MiVf.jpg,SAS: The Rise of Black Swan: A special forces team is sent on a mission to uncover a deadly conspiracy.
Hellboy II The Golden Army,https://www.themoviedb.org/t/p/original/dvtIT0sJZuRmwdqPeOO15vJLrLX.jpg,Hellboy II The Golden Army: Hellboy battles an ancient prince and his army of mythical creatures.
The Gray Man,https://northcoastcourier.co.za/wp-content/uploads/sites/73/2022/07/The-Gray-Man-Movie-Poster.jpg,The Gray Man: A former CIA operative turned assassin is pursued by a young agent in a deadly game of cat and mouse.
Mosul,https://www.themoviedb.org/t/p/original/cOaq0MJNf3cCZsPeXWjw95CI0qv.jpg,Mosul: A group of Iraqi SWAT officers fight against ISIS in the city of Mosul.
Steel Rain,https://media.senscritique.com/media/000017784799/source_big/Steel_Rain.jpg,Steel Rain: A North Korean agent and a South Korean spy must work together to prevent a nuclear war.
American Underdog,https://www.vitalthrills.com/wp-content/uploads/2021/08/americanunderdogposter.jpg,American Underdog: The inspiring true story of NFL quarterback Kurt Warner's journey from grocery store clerk to football star.
Stand By Me,https://image.tmdb.org/t/p/original/bUvHHEWqN2KDBUf7bRz1UFczxEP.jpg,Stand By Me: Four friends embark on a journey to find a dead body and discover the meaning of friendship and growing up.
Pride and Prejudice,https://th.bing.com/th/id/OIP.sH4tH1l2mTF2KMzf123qJwHaLH?pid=ImgDet&rs=1,"Pride and Prejudice: Based on Jane Austen's classic novel, the story follows the romantic entanglements of the Bennet sisters in 19th-century England."
Justice League,https://image.tmdb.org/t/p/original/eRoXqOzciHkSPs1Z8pGnJMZo0Zb.jpg,"Justice League: A team of superheroes, including Batman, Superman, Wonder Woman, and others, join forces to save the world from a powerful threat."
S.W.A.T,https://th.bing.com/th/id/R.7cf94a17335c353e256e211b81070739?rik=2AdvyYhFYFW5tw&riu=http%3a%2f%2fstatic.rogerebert.com%2fuploads%2fmovie%2fmovie_poster%2fswat-2003%2flarge_Aa9U6KrKZjQP5TF4rC3ZEVyuPXU.jpg&ehk=M7x%2fV%2f%2f5WXu4q9Fnw0y4%2fnHbV%2bieH1JMxvWo2NtydIg%3d&risl=&pid=ImgRaw&r=0,S.W.A.T: A specialized police unit tackles high-risk operations to protect the city from dangerous criminals.
The Conjuring: The Devil Made Me Do It,https://www.themoviedb.org/t/p/original/bq6CBi4bNWRqP7Ld9TtK6fRPXMC.jpg,The Conjuring: The Devil Made Me Do It: Paranormal investigators Ed and Lorraine Warren confront a chilling case involving demonic possession and murder.
